Model,Accuracy,Classification Report
Logistic Regression,0.8214004451292587,"{'precision': 0.8447732766830269, 'recall': 0.7882972178549457, 'f1-score': 0.8155586987270156, 'support': 14629.0}"
Logistic Regression,0.8214004451292587,"{'precision': 0.8008872315803008, 'recall': 0.8546240395170143, 'f1-score': 0.8268835048124793, 'support': 14576.0}"
Logistic Regression,0.8214004451292587,0.8214004451292587
Logistic Regression,0.8214004451292587,"{'precision': 0.8228302541316639, 'recall': 0.82146062868598, 'f1-score': 0.8212211017697475, 'support': 29205.0}"
Logistic Regression,0.8214004451292587,"{'precision': 0.8228700754018308, 'recall': 0.8214004451292587, 'f1-score': 0.8212108258799592, 'support': 29205.0}"
